UH_nome,UH_id,REE_id,subsistema,earmmax,vol/volutilmax,vol/volutilmax_itr0,alpha_itr0,earm_itr0,vol/volutilmax_itr1,alpha_itr1,earm_itr1,vol/volutilmax_itr2,alpha_itr2,earm_itr2,vol/volutilmax_itr3,alpha_itr3,earm_itr3,vol/volutilmax_itr4,alpha_itr4,earm_itr4,vol/volutilmax_itr5,alpha_itr5,earm_itr5,vol/volutilmax_itr6,alpha_itr6,earm_itr6,vol/volutilmax_itr7,alpha_itr7,earm_itr7,vol/volutilmax_itr8,alpha_itr8,earm_itr8,vol/volutilmax_itr9,alpha_itr9,earm_itr9
CAMARGOS,1,10,Sudeste,1245.42,18.87,18.87,0.9704301573,1208.593127,29.09,0.2948309514,367.1883635,32.73,0.4613945736,574.6300298,50.91,0.2674512994,333.0891973,52.73,0.5584134751,0.1493484095,67.27,0.8789549428,1094.668065,67.27,0.8465815134,1054.349548,64.55,0.223121335,277.879773,59.09,0.1243305257,154.8437233,60.00,0.551356715,686.67068
ITUTINGA,2,10,Sudeste,0,0,0,0.332753384,414.4177195,0.00,0.2331913236,290.4211383,0.00,0.6248761449,778.2332484,0.00,0.9743244664,1213.443177,0.00,0.5836348594,0.568649723,0.00,0.7125082526,887.3720279,0.00,0.9020715103,1123.4579,0.00,0.4001866143,498.4004132,0.00,0.9670155246,1204.340475,0.00,0.8029888588,1000.058385
FUNIL GRANDE,4,10,Sudeste,0,0,0,0.4615514889,574.8254553,0.00,0.5379219679,669.9387773,0.00,0.3773357541,469.9414949,0.00,0.4866365092,606.0668413,0.00,0.08387793579,0.04081806587,0.00,0.5234181075,651.8753795,0.00,0.4895926912,609.7485295,0.00,0.3691439392,459.7392447,0.00,0.8322043421,1036.443932,0.00,0.5051269953,629.0952625
FURNAS,6,10,Sudeste,1381.5,18.42,18.42,0.05388413703,67.10838194,36.36,0.467556603,582.3043445,37.27,0.9924877946,1236.064149,56.36,0.4676786146,582.4563001,61.82,0.9076496821,0.4244883458,71.82,0.9217529768,1147.969592,69.09,0.6047419553,753.157726,82.73,0.3398675874,423.2778907,86.36,0.404025468,503.1813984,90.91,0.07803214512,97.18279417
M. DE MORAES,7,10,Sudeste,2199.72,31.88,31.88,0.3526580526,439.2073919,40.91,0.2274165499,283.2291196,46.36,0.5400178296,672.5490053,51.82,0.8649075412,1077.17315,49.09,0.1785920632,0.1544656223,60.91,0.3855307807,480.1477449,68.18,0.1402065737,174.616071,70.91,0.4615194824,574.7855937,81.82,0.5124624269,638.2309557,90.91,0.411274548,512.2095476
L.C.BARRETO(ESTREITO),8,10,Sudeste,0,0,0,0.7227783332,900.1625917,0.00,0.5531081665,688.8519727,0.00,0.02922977986,36.40335243,0.00,0.5733628282,714.0775335,0.00,0.5745674267,0.3294356048,0.00,0.3726416282,464.0953365,0.00,0.8944761011,1113.998426,0.00,0.6095290611,759.1196832,0.00,0.3550561522,442.194033,0.00,0.2011575696,250.5256603
JAGUARA,9,10,Sudeste,0,0,0,0.8584115686,1069.082936,0.00,0.03821831326,47.5978517,0.00,0.6850301906,853.1503,0.00,0.7619067867,948.8939503,0.00,0.314092979,0.2393095724,0.00,0.5244290536,653.134432,0.00,0.8558422202,1065.883018,0.00,0.9491194772,1182.052379,0.00,0.1321507327,164.5831655,0.00,0.8906884319,1109.281187
IGARAPAVA,10,10,Sudeste,0,0,0,0.4633016003,577.005079,0.00,0.7787971425,969.9295372,0.00,0.6689595447,833.1355961,0.00,0.4718936011,587.7057287,0.00,0.02150093957,0.0101461558,0.00,0.6643524406,827.3978166,0.00,0.1733000729,215.8313767,0.00,0.6535297822,813.9190613,0.00,0.3895933627,485.2073658,0.00,0.5621001682,700.0507915
V. GRANDE,11,10,Sudeste,0,0,0,0.1726218856,214.9867487,0.00,0.03045801753,37.93302419,0.00,0.1452714424,180.9239598,0.00,0.1471087464,183.2121749,0.00,0.06188546962,0.009103893856,0.00,0.5523274822,687.8796929,0.00,0.1354316378,168.6692703,0.00,0.6960360038,866.8571599,0.00,0.02590534637,32.26303648,0.00,0.5087306431,633.5833176
P.COLOMBIA,12,10,Sudeste,0,0,0,0.3157258202,393.211251,0.00,0.6054759919,754.0719098,0.00,0.5647822845,703.3911527,0.00,0.05852966135,72.89401083,0.00,0.4880608075,0.02856603378,0.00,0.07010619966,87.31166318,0.00,0.801647914,998.3883451,0.00,0.1229644572,153.1423942,0.00,0.1895837867,236.1114396,0.00,0.7325094878,912.2819664
CACONDE,14,10,Sudeste,1607.4,28.2,28.2,0.7519150867,936.4500872,31.82,0.1638439692,204.0545562,42.73,0.9379124101,1168.094874,43.64,0.4847517056,603.7194692,47.27,0.9364168191,0.4539296503,58.18,0.4519508648,562.8686461,75.45,0.8589366895,1069.736932,71.82,0.5667258146,705.8116641,86.36,0.07217834444,89.89235373,90.91,0.02786524221,34.70392995
E. CUNHA,15,10,Sudeste,0,0,0,0.4055795709,505.1169092,0.00,0.477796646,595.0574989,0.00,0.2415896704,300.8806073,0.00,0.3856221204,480.2615012,0.00,0.6755577437,0.2605100096,0.00,0.1709281799,212.8773738,0.00,0.5420053434,675.0242947,0.00,0.7435845973,926.0751291,0.00,0.8532942423,1062.709715,0.00,0.9627612032,1199.042058
A.S. OLIVEIRA(LIMOEIRO),16,10,Sudeste,0,0,0,0.6052616476,753.8049611,0.00,0.184126222,229.3144794,0.00,0.9110175543,1134.599482,0.00,0.05539627936,68.99163424,0.00,0.4097212373,0.02269703212,0.00,0.2144212408,267.0445017,0.00,0.8385140139,1044.302123,0.00,0.6286642863,782.9510755,0.00,0.9992452208,1244.479983,0.00,0.6352200077,791.115702
MARIMBONDO,17,10,Sudeste,227.84,3.56,3.56,0.323428973,402.8049115,9.09,0.9135569464,1137.762092,22.73,0.08268149599,102.9731887,34.55,0.8094721861,1008.13285,33.64,0.9988591457,0.8085486962,39.09,0.3456552462,430.4859567,42.73,0.6378486432,794.3894573,60.00,0.6915555491,861.277112,60.91,0.1612523032,200.8268435,71.82,0.2178078946,271.2623081
A. VERMELHA,18,10,Sudeste,144.75,1.93,1.93,0.0563526275,70.18268935,2.73,0.2524254759,314.3757362,15.45,0.3147298796,391.9708866,21.82,0.6349522127,790.7821847,26.36,0.6930543731,0.4400564077,44.55,0.4639683574,577.8354717,51.82,0.7740982723,964.0774703,59.09,0.3320049557,413.4856119,69.09,0.4823370844,600.7122516,84.55,0.8032326163,1000.361965
EMBORCACAO,24,10,Sudeste,771.08,10.42,10.42,0.7382044667,919.3746069,30.91,0.421018759,524.3451829,40.00,0.1213412678,151.1208417,40.91,0.3841759163,478.4603697,40.91,0.9608777285,0.3691460818,55.45,0.9898346041,1232.759813,54.55,0.7615913325,948.5010773,64.55,0.0322944707,40.2201797,60.00,0.7829884286,975.1494488,56.36,0.2267892256,282.4478374
NOVA PONTE,25,10,Sudeste,1138.12,15.38,15.38,0.7495874131,933.551156,18.18,0.9638768253,1200.431476,30.00,0.6687939692,832.9293851,31.82,0.7371753062,918.0928699,39.09,0.1769863567,0.1304699717,57.27,0.1725736141,214.9266305,74.55,0.9595842608,1195.08543,80.00,0.8933276453,1112.568116,90.91,0.8205633873,1021.946054,90.91,0.4128197068,514.1339192
MIRANDA,26,10,Sudeste,4639.2,77.32,77.32,0.8291624132,1032.655453,85.45,0.5341978415,665.3006758,84.55,0.4175062061,519.9705792,90.91,0.996506872,1241.069589,89.09,0.9126759925,0.9094878984,90.91,0.7505931034,934.8036629,85.45,0.9017739998,1123.087375,90.91,0.8997687803,1120.590034,90.91,0.7194961848,896.0749384,90.91,0.5003735258,623.1751965
CORUMBA I,30,10,Sudeste,755.37,11.99,11.99,0.6617735211,824.1859786,10.91,0.1035807216,129.0015023,17.27,0.499947659,622.6448135,36.36,0.5661301872,705.0698578,42.73,0.8811423425,0.4988412793,49.09,0.03033759334,37.7830455,62.73,0.4146490214,516.4121842,71.82,0.6007667057,748.2068706,80.91,0.645808289,804.3025593,86.36,0.9747189473,1213.934471
ITUMBIARA,31,10,Sudeste,277.9,3.97,3.97,0.03420254073,42.59652828,16.36,0.8652892033,1077.64848,28.18,0.9781420883,1218.19772,34.55,0.1538299441,191.582889,50.91,0.6175997621,0.09500533687,60.00,0.1089329799,135.6673118,70.00,0.6749264529,840.5669029,83.64,0.4970812653,619.0749494,82.73,0.5491269964,683.8937439,80.91,0.8223581308,1024.181263
C. DOURADA,32,10,Sudeste,0,0,0,0.04588832628,57.15023932,0.00,0.9130887176,1137.178951,0.00,0.1468927442,182.9431614,0.00,0.640670602,797.9039812,0.00,0.4853029194,0.3109193136,0.00,0.3003965311,374.1198478,0.00,0.613169941,763.6541079,0.00,0.9419266207,1173.094252,0.00,0.1289710346,160.6231059,0.00,0.3439529916,428.3659348
BARRA BONITA,37,10,Sudeste,3364.2,53.4,53.4,0.3369669465,419.6653745,65.45,0.3266618602,406.831214,62.73,0.6192077436,771.1737081,74.55,0.7926404516,987.1702712,85.45,0.7338723612,0.5816969198,84.55,0.6287058427,783.0028306,89.09,0.159566813,198.7277002,84.55,0.6692770107,833.5309747,85.45,0.189080116,235.484158,80.00,0.2551404958,317.7570763
A.S.LIMA (BARIRI),38,10,Sudeste,0,0,0,0.5713911366,711.6219494,0.00,0.6030586042,751.0612469,0.00,0.4953229583,616.8851187,0.00,0.2289572752,285.1479697,0.00,0.4021312669,0.09207087915,0.00,0.4656409182,579.9185123,0.00,0.0493891418,61.51022499,0.00,0.2959316093,368.5591449,0.00,0.0908801699,113.1839812,0.00,0.993541472,1237.37642
IBITINGA,39,10,Sudeste,0,0,0,0.4544628837,565.9971647,0.00,0.4872690224,606.8545859,0.00,0.7743974508,964.4500732,0.00,0.4304961393,536.1485018,0.00,0.3254770453,0.1401166114,0.00,0.2018361498,251.3707777,0.00,0.4174620852,519.9156301,0.00,0.2370542417,295.2320937,0.00,0.206398616,257.0529643,0.00,0.3851381795,479.6587916
PROMISSAO,40,10,Sudeste,2230.2,37.8,37.8,0.2042034767,254.3190939,48.18,0.9263905651,1153.745338,61.82,0.9696336108,1207.601092,74.55,0.2683900996,334.2583978,87.27,0.08122786771,0.0218007555,90.91,0.473974295,590.2970664,90.91,0.2002996806,249.4572282,90.91,0.5292567823,659.1469818,90.91,0.8906692857,1109.257342,85.45,0.3460558495,430.9848761
NAVANHANDAVA,42,10,Sudeste,0,0,0,0.8340440654,1038.73516,0.00,0.7055387019,878.6920101,0.00,0.2040342592,254.1083471,0.00,0.04139450933,51.55354981,0.00,0.4553416494,0.01884864416,0.00,0.7469325586,930.2447471,0.00,0.5399785257,672.5000555,0.00,0.7520513409,936.6197809,0.00,0.1577293921,196.4393396,0.00,0.0625603167,77.91386963
JUPIA,45,10,Sudeste,0,0,0,0.3708217968,461.8288821,0.00,0.4158338958,517.8878505,0.00,0.02087415196,25.99708633,0.00,0.1116801795,139.0887292,0.00,0.9930073761,0.110899242,0.00,0.3556815442,442.9729088,0.00,0.1956628287,243.6824002,0.00,0.6848151972,852.8825429,0.00,0.8137100697,1013.410795,0.00,0.6454101316,803.8066861
P.PRIMAVERA,46,10,Sudeste,0,0,0,0.9572425264,1192.168987,0.00,0.1691258076,210.6326633,0.00,0.5350305322,666.3377254,0.00,0.187209786,233.1548117,0.00,0.597858088,0.1119248847,0.00,0.4235925726,527.5506618,0.00,0.6251327674,778.5528512,0.00,0.1228368858,152.9835143,0.00,0.8429617753,1049.841454,0.00,0.7142165069,889.499522
A.A.LAYDNER (Jurumirim),47,12,Sudeste,946.05,17.85,17.85,0.7229425809,900.3671492,30.91,0.2510792233,312.6990863,30.91,0.5022725853,625.5403231,41.82,0.01535199307,19.11967921,46.36,0.9831438891,0.01509321818,62.73,0.7575675657,943.4897977,70.91,0.6497087734,809.1603006,79.09,0.1889169094,235.2808973,77.27,0.2903330187,361.5865481,77.27,0.5670749904,706.2465346
PIRAJU (CBA),48,12,Sudeste,0,0,0,0.6025794808,750.464537,0.00,0.1082324608,134.7948713,0.00,0.02383383188,29.6831309,0.00,0.819429632,1020.534052,0.00,0.2102808933,0.172310395,0.00,0.3834504071,477.556806,0.00,0.2344832371,292.0301132,0.00,0.2135052025,265.9036493,0.00,0.7017665102,873.9940471,0.00,0.8980186501,1118.410387
CHAVANTES,49,12,Sudeste,1953,32.55,32.55,0.9249401894,1151.939011,44.55,0.02870590154,35.7509039,44.55,0.8949233537,1114.555443,60.00,0.8206005322,1021.992315,63.64,0.383769797,0.3149216996,70.00,0.9914178597,1234.731631,79.09,0.6106518383,760.5180125,81.82,0.645586922,804.0268644,90.91,0.7871291264,980.3063566,90.91,0.03397952396,42.31877873
L.N.GARCEZ (S.Grande),50,12,Sudeste,0,0,0,0.1051381112,130.9411065,0.00,0.2110781388,262.8809356,0.00,0.3484653826,433.9857569,0.00,0.3005365811,374.2942688,0.00,0.1458455007,0.04383190813,0.00,0.03294011755,41.0242812,0.00,0.9195626846,1145.241759,0.00,0.09734990386,121.2415173,0.00,0.2321757575,289.156332,0.00,0.8588388112,1069.615032
CANOAS 2,51,12,Sudeste,0,0,0,0.6556462291,816.5549266,0.00,0.1056350011,131.5599431,0.00,0.1582759262,197.120004,0.00,0.331607715,412.9908805,0.00,0.1515888602,0.05026803557,0.00,0.3971868843,494.6644894,0.00,0.6810181569,848.153633,0.00,0.5073674836,631.8856115,0.00,0.7818434376,973.7234541,0.00,0.2396400713,298.4525376
CANOAS 1,52,12,Sudeste,0,0,0,0.3230178721,402.2929183,0.00,0.02569047702,31.99543389,0.00,0.3384833647,421.5539521,0.00,0.2480030394,308.8679453,0.00,0.3874408079,0.09608649794,0.00,0.3890728185,484.5590696,0.00,0.5570621373,693.7763271,0.00,0.9855550566,1227.429979,0.00,0.275467755,343.0730515,0.00,0.6884070797,857.3559451
JAYME CANET,57,11,Sul,1036.2,15.7,15.7,0.7928600078,987.4437109,32.73,0.8301750372,1033.916595,33.64,0.7448055836,927.5957699,40.00,0.8022488684,999.1367856,52.73,0.6265548619,0.5026529289,67.27,0.6829263404,850.5301228,68.18,0.8044140991,1001.833407,69.09,0.2618017821,326.0531755,80.91,0.2835957149,353.1957753,75.45,0.5320675181,662.6475284
CAPIVARA,61,12,Sudeste,263.9,4.06,4.06,0.6760973143,842.0251172,10.00,0.8902774462,1108.769337,20.00,0.593944527,739.7103928,20.91,0.831673368,1035.782646,29.09,0.6819008664,0.5671187902,34.55,0.2911108856,362.5553191,31.82,0.8429728879,1049.855294,49.09,0.7899342925,983.7999665,49.09,0.1911579589,238.0719451,52.73,0.3035711931,378.0736353
TAQUARUCU,62,12,Sudeste,0,0,0,0.144226407,179.6224518,0.00,0.2871905467,357.6728507,0.00,0.8882280144,1106.216934,0.00,0.04332020831,53.95185384,0.00,0.284372484,0.01231907524,0.00,0.8232388422,1025.278119,0.00,0.5193610856,646.8226832,0.00,0.4495874705,559.9252275,0.00,0.8308699679,1034.782075,0.00,0.824917291,1027.368493
ROSANA,63,12,Sudeste,0,0,0,0.8477260128,1055.774931,0.00,0.5944505596,740.340616,0.00,0.9427924181,1174.172533,0.00,0.8535833577,1063.069785,0.00,0.3046121227,0.2600118385,0.00,0.4263373747,530.9690932,0.00,0.1115404868,138.9147531,0.00,0.9298141483,1158.009137,0.00,0.3798931671,473.1265481,0.00,0.8697181926,1083.164431
ITAIPU,66,5,Sudeste,0,0,0,0.2275255939,283.3649252,0.00,0.1038489358,129.3355416,0.00,0.8930014799,1112.161903,0.00,0.5693437257,709.0720629,0.00,0.1240257301,0.07061327125,0.00,0.616021412,767.2053869,0.00,0.1804100819,224.6863243,0.00,0.9208162229,1146.80294,0.00,0.4945061418,615.8678392,0.00,0.4599484795,572.8290354
FUNDAO,72,11,Sul,0,0,0,0.2625829484,327.0260556,0.00,0.5755301887,716.7768076,0.00,0.672799583,837.9180566,0.00,0.894929396,1114.562968,0.00,0.2659544385,0.238010445,0.00,0.5412707553,674.1094241,0.00,0.04897122509,60.98974316,0.00,0.982175335,1223.220806,0.00,0.7311587563,910.5997382,0.00,0.8073326353,1005.468211
DESVIO DO JORDAO,73,11,Sul,7200,100,100,0.3786301821,471.5536014,90.91,0.09391156328,116.9593391,85.45,0.7034309409,876.0669624,80.91,0.04263236797,53.09520371,90.91,0.3856807347,0.016442483,90.91,0.04411067903,54.93632188,90.91,0.5387825989,671.0106243,90.91,0.467317462,582.0065135,82.73,0.8515300642,1060.512573,90.91,0.7215658552,898.6525474
G.B.MUNHOZ - Foz do Areia,74,11,Sul,180,3.6,3.6,0.3921449022,488.3851041,11.82,0.4287481024,533.9714617,15.45,0.7470823366,930.4312836,20.00,0.7554851557,940.8963226,20.91,0.5595190669,0.4227083494,40.00,0.06038600893,75.20594324,44.55,0.1387732207,172.8309445,47.27,0.4927363409,613.6636937,63.64,0.4482320177,558.2371195,63.64,0.9430087978,1174.442017
SEGREDO,76,11,Sul,286,5.2,5.2,0.7836266818,975.944342,12.73,0.7813558274,973.1161745,20.91,0.2878648265,358.5126123,38.18,0.9342284878,1163.506843,57.27,0.94812262,0.8857631615,58.18,0.7354495421,915.9435688,60.91,0.4727376235,588.7568911,66.36,0.9600640552,1195.682976,62.73,0.1634222148,203.5292948,61.82,0.415068064,516.9340683
SLT.SANTIAGO,77,11,Sul,1698.85,27.85,27.85,0.05179110605,64.5016793,32.73,0.9286529412,1156.562946,30.91,0.5847697443,728.2839349,40.00,0.4544387309,565.9670842,54.55,0.46211557,0.2100032132,70.91,0.1080280612,134.5403079,80.91,0.2204479175,274.5502454,82.73,0.1210143492,150.7136908,90.91,0.296659669,369.4658849,90.91,0.280850026,349.7762393
SALTO OSORIO,78,11,Sul,0,0,0,0.06572059087,81.84973828,0.00,0.1235992131,153.932932,0.00,0.2522929456,314.2106803,0.00,0.7137888275,888.9668816,0.00,0.5874701208,0.4193296088,0.00,0.5244744235,653.1909365,0.00,0.6408389543,798.1136504,0.00,0.6296653784,784.1978556,0.00,0.5903305487,735.209472,0.00,0.3708818424,461.9036642
SALTO CAXIAS (Gov. Jose Richa),82,11,Sul,0,0,0,0.7899457578,983.8142457,0.00,0.5833385328,726.5014756,0.00,0.03974245293,49.49604573,0.00,0.9671746813,1204.538692,0.00,0.7329553125,0.7088958207,0.00,0.6267168956,780.5257562,0.00,0.1716395338,213.7633082,0.00,0.9573798945,1192.340068,0.00,0.7372451604,918.1798676,0.00,0.8708031558,1084.515666
MACHADINHO,91,2,Sul,1008.94,16.54,16.54,0.4960248043,617.7592118,25.45,0.5517191174,687.1220232,29.09,0.9037800488,1125.585748,45.45,0.1763301584,219.6051059,60.00,0.8849949147,0.1560512935,58.18,0.9911135505,1234.352638,55.45,0.494021166,615.2638406,66.36,0.3045826605,379.333337,63.64,0.467377273,582.0810033,76.36,0.3738156736,465.5575162
ITA,92,2,Sul,0,0,0,0.01986410465,24.73915321,0.00,0.07579139028,94.39211328,0.00,0.5351898185,666.5361037,0.00,0.2893688009,360.385692,0.00,0.7703707214,0.2229212519,0.00,0.6730480314,838.2274792,0.00,0.88208691,1098.568679,0.00,0.51321235,639.164925,0.00,0.1332641498,165.9698375,0.00,0.1974392887,245.894839
PASSO FUNDO,93,2,Sul,2870.64,39.87,39.87,0.1942706321,241.9485307,39.09,0.02642543845,32.91076955,36.36,0.6638914724,826.8237176,44.55,0.4014487827,499.972343,49.09,0.8118052569,0.3258982322,50.00,0.8852547538,1102.513976,52.73,0.7851755945,977.8733889,68.18,0.5558904848,692.3171275,75.45,0.7428218044,925.1251317,86.36,0.6761294534,842.0651438
EDGAR DE SOUZA,107,10,Sudeste,0,0,0,0.8893691141,1107.638082,0.00,0.280854739,349.7821091,0.00,0.770417408,959.4932482,0.00,0.1379377421,171.7904228,0.00,0.2059118632,0.02840301748,0.00,0.8331137837,1037.576568,0.00,0.7127204582,887.6363131,0.00,0.5005612883,623.4090396,0.00,0.3981745432,495.8945396,0.00,0.7819838944,973.8983818
TRAICAO,108,1,Sudeste,0,0,0,0.3106071167,386.8363153,0.00,0.4563748346,568.3783465,0.00,0.12249888,152.5625551,0.00,0.7742859561,964.3112155,0.00,0.2679134792,0.2074416444,0.00,0.1675729017,208.6986433,0.00,0.3338788051,415.8193414,0.00,0.4698429299,585.1517817,0.00,0.1782732943,222.0251262,0.00,0.9135292287,1137.727572
PEDREIRA,109,1,Sudeste,0,0,0,0.8443279143,1051.542871,0.00,0.0158238537,19.70734388,0.00,0.3848458271,479.29469,0.00,0.7985540381,994.5351702,0.00,0.02519349874,0.02011837015,0.00,0.08066082109,100.4565998,0.00,0.002543522281,3.16775352,0.00,0.05495536221,68.44250721,0.00,0.09886491936,123.1283479,0.00,0.4236178803,527.5821805
PASSO REAL,111,2,Sul,3202.29,46.41,46.41,0.8683174445,1081.419912,45.45,0.08756442605,109.0544875,42.73,0.1006361275,125.3342459,49.09,0.9468558353,1179.233194,53.64,0.2543948753,0.2408752722,55.45,0.5366193558,668.3164781,59.09,0.9804636134,1221.088993,55.45,0.5014707468,624.5416974,63.64,0.9018721787,1123.209649,69.09,0.2722223722,339.0311868
JACUI,112,2,Sul,0,0,0,0.129839587,161.7048185,0.00,0.3119330559,388.4876665,0.00,0.5840802661,727.425245,0.00,0.1328891312,165.5027818,0.00,0.4706097093,0.06253891542,0.00,0.8665357147,1079.20091,0.00,0.7676980615,956.1065197,0.00,0.7495219318,933.4696043,0.00,0.3155293918,392.9666151,0.00,0.86044553,1071.616072
ITAUBA,113,2,Sul,0,0,0,0.9504588359,1183.720443,0.00,0.4124885986,513.7215505,0.00,0.2255696999,280.9290156,0.00,0.3187347014,396.9585718,0.00,0.06718759941,0.02141501943,0.00,0.4321041561,538.1511581,0.00,0.05511676508,68.64352157,0.00,0.7658514322,953.8066907,0.00,0.215484143,268.3682614,0.00,0.1616968477,201.380488
D. FRANCISCA,114,2,Sul,0,0,0,0.9415230582,1172.591647,0.00,0.948008345,1180.668553,0.00,0.1615228429,201.163779,0.00,0.2773976753,345.4766128,0.00,0.7117813644,0.1974464958,0.00,0.106452843,132.5784997,0.00,0.04012745589,49.97553612,0.00,0.3513688232,437.6017598,0.00,0.03823532882,47.61904322,0.00,0.02890518002,35.9990893
G.P.SOUZA,115,2,Sul,608.4,11.7,11.7,0.2477258963,308.5227857,23.64,0.5945844133,740.50732,40.91,0.7207453717,897.6307009,44.55,0.8185064811,1019.384342,44.55,0.3424330883,0.2802837021,46.36,0.6610145815,823.2407801,50.00,0.2169266828,270.1648294,64.55,0.5510969149,686.3471197,71.82,0.03119669693,38.85299029,78.18,0.3313331337,412.6489113
GUARAPIRANGA,117,1,Sudeste,3239.3,55.85,55.85,0.8311138336,1035.085791,70.91,0.8220056505,1023.742277,69.09,0.009098263602,11.33115946,70.91,0.9518426056,1185.443818,70.91,0.4647651086,0.4423832319,68.18,0.3704754452,461.3975289,74.55,0.7169284113,892.8769821,89.09,0.2988313979,372.1705995,90.91,0.748447427,932.1313945,83.64,0.4812618839,599.3731755
BILLINGS,118,1,Sudeste,3201.2,60.4,60.4,0.6824731934,849.9657645,75.45,0.2019568083,251.5210481,76.36,0.2771867771,345.213956,90.91,0.4883723296,608.2286668,90.91,0.8945878434,0.4368919491,90.91,0.6828951081,850.4912255,90.91,0.623277385,776.2421208,84.55,0.5316564975,662.1356351,85.45,0.06113029433,76.13289116,85.45,0.3693583288,460.0062499
HENRY BORDEN,119,1,Sudeste,0,0,0,0.1695864299,211.2063316,0.00,0.6473222959,806.1881337,0.00,0.0407462553,50.74620128,0.00,0.7930485982,987.6785851,0.00,0.4406714474,0.3494738736,0.00,0.58218195,725.0610442,0.00,0.8758691236,1090.824924,0.00,0.8629339266,1074.715171,0.00,0.1781065896,221.8175088,0.00,0.5882691336,732.6421444
JAGUARI,120,1,Sudeste,1216.5,24.33,24.33,0.1826615937,227.490402,30.00,0.3048161118,379.624082,27.27,0.04129038501,51.4238713,25.45,0.6461854903,804.7723334,37.27,0.7739538485,0.5001177471,49.09,0.8001829475,996.5638464,58.18,0.2757914752,343.4762191,71.82,0.5060264376,630.2154459,79.09,0.53375043,664.7434606,86.36,0.2706715053,337.0997061
PARAIBUNA,121,1,Sudeste,1089.76,19.46,19.46,0.7516325602,936.0982232,37.27,0.5355707956,667.0105803,51.82,0.1564995058,194.9076145,54.55,0.6213492824,773.8408232,54.55,0.1390788932,0.08641657046,70.91,0.03427286101,42.68410656,66.36,0.1883049495,234.5187502,70.00,0.6961024875,866.9399599,66.36,0.286868835,357.2721845,60.91,0.6278448479,781.9305305
SANTA BRANCA,122,1,Sudeste,2381.04,33.07,33.07,0.5129938026,638.8927416,40.91,0.3394520892,422.7604209,40.00,0.3574508841,445.1764801,38.18,0.5197216543,647.2717426,39.09,0.549502829,0.2855885193,58.18,0.7564851316,942.1417126,62.73,0.2748936458,342.3580444,71.82,0.7538046171,938.8033463,82.73,0.1510932125,188.1745086,80.91,0.3269987442,407.250776
FUNIL,123,1,Sudeste,2231.55,39.15,39.15,0.9025815391,1124.0931,40.91,0.4934817927,614.5920942,40.91,0.1729443272,215.3883239,59.09,0.8082747434,1006.641531,70.00,0.142778691,0.1154044098,67.27,0.4119598544,513.0630419,70.91,0.899136788,1119.802938,82.73,0.2792763171,347.8163109,85.45,0.8679567841,1080.970738,90.91,0.7260289285,904.2109481
LAJES,124,1,Sudeste,5744.9,82.07,82.07,0.9577756935,1192.833004,90.91,0.9695152232,1207.453649,88.18,0.01384807049,17.24666394,90.91,0.03071347702,38.25117855,90.91,0.4812588957,0.01478113403,90.91,0.6682635553,832.2687971,90.91,0.08634636661,107.5374919,85.45,0.7182691434,894.5467566,90.91,0.6418241888,799.3406812,90.91,0.9405877891,1171.426844
SANTA CECILIA,125,1,Sudeste,0,0,0,0.02841183591,35.38466868,0.00,0.3369171684,419.6033798,0.00,0.5230004655,651.3552398,0.00,0.8592514011,1070.12888,0.00,0.6798548839,0.5841662615,0.00,0.6930950373,863.1944213,0.00,0.3064425775,381.6497149,0.00,0.7341955575,914.3818312,0.00,0.1435494145,178.7793118,0.00,0.3745492318,466.4711043
SOBRAGI,127,1,Sudeste,0,0,0,0.1858106436,231.4122917,0.00,0.8901007543,1108.549281,0.00,0.3179469448,395.977484,0.00,0.430168318,535.7402266,0.00,0.4850339748,0.2086462491,0.00,0.5623536029,700.3664242,0.00,0.7807793373,972.3982023,0.00,0.4779573649,595.2576613,0.00,0.2776884783,345.8387847,0.00,0.1937654099,241.3193168
ILHA DOS POMBOS,130,1,Sudeste,0,0,0,0.3776626106,470.3485685,0.00,0.26841753,334.2925602,0.00,0.4852363228,604.3230212,0.00,0.2601177135,323.9558028,0.00,0.8994365835,0.2339593876,0.00,0.4374952004,544.8652725,0.00,0.3635106658,452.7234534,0.00,0.665523366,828.8561105,0.00,0.3911513839,487.1477565,0.00,0.1666250235,207.5181368
NILO PECANHA,131,1,Sudeste,0,0,0,0.6722548492,837.2396343,0.00,0.7944884563,989.4718133,0.00,0.4773449441,594.4949403,0.00,0.3464778656,431.5104634,0.00,0.877580053,0.3040620637,0.00,0.7124901443,887.3494756,0.00,0.3178951149,395.9129341,0.00,0.8203655062,1021.699609,0.00,0.2941555591,366.3472164,0.00,0.6143203573,765.0868594
PEREIRA PASSOS,133,1,Sudeste,0,0,0,0.6977231808,868.9584039,0.00,0.5256919819,654.7073081,0.00,0.006955426318,8.662427045,0.00,0.5073871198,631.9100668,0.00,0.5518176521,0.2799851692,0.00,0.7757720363,966.1620094,0.00,0.9363773,1166.183017,0.00,0.4979400755,620.1445289,0.00,0.3429788355,427.1527013,0.00,0.7514043021,935.8139459
S. GRANDE,134,1,Sudeste,0,0,0,0.9818082173,1222.76359,0.00,0.7458553892,928.9032188,0.00,0.9747081319,1213.921002,0.00,0.3641669328,453.5407815,0.00,0.1044592221,0.03804059453,0.00,0.2525965444,314.5887883,0.00,0.09291089825,115.7130909,0.00,0.009792812719,12.19616482,0.00,0.2440181901,303.9051343,0.00,0.694628611,865.1043647
P.ESTRELA,135,1,Sudeste,5862.96,86.22,86.22,0.4446979092,553.83567,82.73,0.377022749,469.551672,87.27,0.1182771187,147.3046891,82.73,0.8863285505,1103.851303,78.18,0.70581175,0.6255811053,86.36,0.8142936492,1014.137597,87.27,0.01440927303,17.94559682,90.91,0.05240338865,65.26422829,90.91,0.5017394488,624.8763443,90.91,0.3555196935,442.7713367
CANDONGA,139,1,Sudeste,0,0,0,0.1734915746,216.0698769,0.00,0.9209534046,1146.973789,0.00,0.03646154594,45.40993855,0.00,0.8797956364,1095.715082,0.00,0.543989276,0.4785993913,0.00,0.373665747,465.3707946,0.00,0.1917430257,238.8005991,0.00,0.02705773997,33.69825052,0.00,0.8850962346,1102.316553,0.00,0.3751211375,467.183367
AIMORES,143,1,Sudeste,0,0,0,0.6139753775,764.6572146,0.00,0.996366691,1240.895004,0.00,0.04424107388,55.09871823,0.00,0.9556219276,1190.150661,0.00,0.8006127901,0.7650831377,0.00,0.6574034563,818.7434125,0.00,0.3143898361,391.5473897,0.00,0.5050041613,628.9422825,0.00,0.9395583099,1170.14471,0.00,0.6211296786,773.5673243
MASCARENHAS,144,1,Sudeste,0,0,0,0.7267902356,905.1590952,0.00,0.08935324084,111.2823132,0.00,0.9280500772,1155.812127,0.00,0.8241219746,1026.37799,0.00,0.1119732611,0.09227962502,0.00,0.6059218731,754.6272192,0.00,0.6769333795,843.0663695,0.00,0.01948017159,24.2609953,0.00,0.495375114,616.9500745,0.00,0.05514559183,68.67942298
ITAPEBI,154,3,Nordeste,0,0,0,0.1065663763,132.7198964,0.00,0.7172780734,893.3124582,0.00,0.4720657788,587.9201622,0.00,0.2107473446,262.4689579,0.00,0.8811011033,0.1856897178,0.00,0.5460618785,680.0763848,0.00,0.905002783,1127.108566,0.00,0.04848603301,60.38547523,0.00,0.804123207,1001.471124,0.00,0.7925920829,987.1100318
TRES MARIAS,156,1,Sudeste,3147.6,52.46,52.46,0.1349815236,168.1086891,69.09,0.4957551035,617.423321,67.27,0.8290076322,1032.462685,64.55,0.05338222302,66.4832882,68.18,0.5926705399,0.03163807094,80.00,0.9605071352,1196.234796,79.09,0.0774553142,96.46439741,85.45,0.443942708,552.8951274,90.91,0.2718521017,338.5700445,90.91,0.3021568841,376.3122266
SOBRADINHO,169,3,Nordeste,2768.58,51.27,51.27,0.7336257879,913.6722288,63.64,0.05256857447,65.46995401,77.27,0.8501905886,1058.844363,87.27,0.03917027191,48.78344005,90.91,0.8601374557,0.03369181802,89.09,0.9746275918,1213.820695,87.27,0.764226032,951.7823848,80.91,0.4533933237,564.6651133,79.09,0.9999319701,1245.335274,90.91,0.2933194482,365.3059072
ITAPARICA,172,3,Nordeste,3636.5,72.73,72.73,0.6024821222,750.3432846,81.82,0.7750272609,965.2344513,75.45,0.004423076424,5.50858784,87.27,0.2203005147,274.366667,87.27,0.2363382753,0.05206544369,90.91,0.9077313582,1130.506788,90.91,0.4270496074,531.856122,90.91,0.3134297957,390.3517362,88.18,0.2196725683,273.58461,90.91,0.4897761788,609.9770487
MOXOTO,173,3,Nordeste,0,0,0,0.5283805813,658.0557436,0.00,0.02839697902,35.36616562,0.00,0.929352109,1157.433704,0.00,0.7482045162,931.8288686,0.00,0.2852106294,0.213395881,0.00,0.09116468924,113.5383273,0.00,0.2632364547,327.8399454,0.00,0.7414408171,923.4052224,0.00,0.08598350108,107.0855719,0.00,0.5807446475,723.2709988
P.AFONSO 123,174,3,Nordeste,0,0,0,0.82315616,1025.175145,0.00,0.6666627424,830.2751127,0.00,0.09196605597,114.5363654,0.00,0.6756780962,841.5030146,0.00,0.3030199727,0.2047439582,0.00,0.5451159391,678.8982929,0.00,0.2979789401,371.1089316,0.00,0.608234791,757.5077734,0.00,0.2080395662,259.0966366,0.00,0.1934977432,240.9859593
P.AFONSO 4,175,3,Nordeste,0,0,0,0.4116123919,512.6303051,0.00,0.5604101874,697.9460556,0.00,0.1140432831,142.0317857,0.00,0.1812110476,225.6838629,0.00,0.4467632452,0.08095843571,0.00,0.2436719446,303.4739132,0.00,0.0339008267,42.22076759,0.00,0.542161837,675.2191951,0.00,0.7181545558,894.4040468,0.00,0.4766552709,593.6360075
XINGO,178,3,Nordeste,0,0,0,0.3254391165,405.3083844,0.00,0.1394629109,173.6898985,0.00,0.6523437716,812.44198,0.00,0.1282349766,159.7064045,0.00,0.5220557718,0.06694580966,0.00,0.7418479427,923.9122648,0.00,0.4360280585,543.0380646,0.00,0.2176850695,271.1093393,0.00,0.4567252366,568.8147441,0.00,0.5372374879,669.0863122
TOCOS,180,1,Sudeste,0,0,0,0.515178461,641.6135589,0.00,0.1794249735,223.4594505,0.00,0.2012519137,250.6431584,0.00,0.6701850856,834.6619093,0.00,0.9791527889,0.6562135956,0.00,0.5028353615,626.241216,0.00,0.2503269939,311.7622448,0.00,0.6249155909,778.2823753,0.00,0.2392569318,297.9753679,0.00,0.3340376618,416.0171848
SANTANA,181,1,Sudeste,0,0,0,0.3332104217,414.9869234,0.00,0.8863221617,1103.843347,0.00,0.9134429125,1137.620072,0.00,0.1235104917,153.8224365,0.00,0.2686416864,0.03318006677,0.00,0.3112476388,387.6340343,0.00,0.7098201124,884.0241644,0.00,0.3080561756,383.6593222,0.00,0.9352781444,1164.814107,0.00,0.4326691523,538.8548157
VIGARIO,182,1,Sudeste,0,0,0,0.5697121888,709.5309542,0.00,0.6693627008,833.6376949,0.00,0.133977623,166.8584113,0.00,0.8740886354,1088.607468,0.00,0.9906768269,0.8659393558,0.00,0.1847795897,230.1281965,0.00,0.156436495,194.8291396,0.00,0.06727161994,83.7814209,0.00,0.6974172887,868.5774397,0.00,0.8272355834,1030.25574
FONTES A,183,1,Sudeste,0,0,0,0.009564462909,11.9117734,0.00,0.3164709241,394.1392183,0.00,0.4926323827,613.534222,0.00,0.8774255513,1092.76333,0.00,0.03989657858,0.03500627746,0.00,0.2744844864,341.8484691,0.00,0.0502915759,62.63413446,0.00,0.2292366396,285.4958957,0.00,0.08530805008,106.2443517,0.00,0.04517476763,56.2615591
FONTES BC,184,1,Sudeste,0,0,0,0.8101649234,1008.995599,0.00,0.5257639709,654.7969647,0.00,0.896907857,1117.026983,0.00,0.3844113021,478.7535239,0.00,0.4751897266,0.1826683015,0.00,0.3939414606,490.6225739,0.00,0.4598832295,572.7477717,0.00,0.5386152286,670.8021781,0.00,0.4596249258,572.4260751,0.00,0.5125218625,638.3049779
B. ESPERANCA,190,3,Nordeste,860.58,13.66,13.66,0.5905869316,735.5287763,17.27,0.2375410771,295.8384082,18.18,0.06655103138,82.8839855,21.82,0.1175448749,146.3927381,27.27,0.2161584603,0.02540831918,37.27,0.3427136763,426.8224667,56.36,0.04732188683,58.9356243,62.73,0.5792105284,721.3603763,74.55,0.009265769027,11.53977406,86.36,0.004656990695,5.799909352
GUILMAN AMORIM,192,1,Sudeste,0,0,0,0.3393953063,422.6897024,0.00,0.3848834735,479.3415755,0.00,0.3036464797,378.1673988,0.00,0.9449314162,1176.836484,0.00,0.4539786227,0.4289786629,0.00,0.001333215581,1.660413348,0.00,0.6373003022,793.7065424,0.00,0.01113485851,13.86757548,0.00,0.1283430073,159.8409481,0.00,0.789584434,983.3642458
SA CARVALHO,193,1,Sudeste,0,0,0,0.560168319,697.6448278,0.00,0.4770726746,594.1558504,0.00,0.6225953081,775.3926486,0.00,0.6117537954,761.8904119,0.00,0.307103049,0.1878714558,0.00,0.8073407768,1005.47835,0.00,0.5785258978,720.5077236,0.00,0.8347037706,1039.55677,0.00,0.1672717789,208.3236189,0.00,0.1464634835,182.4085516
JAURU,195,1,Sudeste,0,0,0,0.9493737979,1182.369115,0.00,0.1573832457,196.0082419,0.00,0.357509903,445.2499834,0.00,0.2246635214,279.8004429,0.00,0.262787477,0.05903875997,0.00,0.1274596643,158.7408151,0.00,0.04684200971,58.33797574,0.00,0.6413858064,798.794711,0.00,0.001889221084,2.352873723,0.00,0.4550392196,566.7149449
GUAPORE,196,6,Sudeste,0,0,0,0.2126296526,264.8132219,0.00,0.1029355537,128.1979973,0.00,0.3612918965,449.9601538,0.00,0.2822070515,351.4663061,0.00,0.8608581324,0.2429402353,0.00,0.9261659102,1153.465548,0.00,0.7241877729,901.9179362,0.00,0.6621857338,824.6993565,0.00,0.5627601118,700.8726984,0.00,0.5979197025,744.6611559
ROSAL,217,1,Sudeste,0,0,0,0.05615893902,69.94146584,0.00,0.8639221033,1075.945866,0.00,0.06523566554,81.24580258,0.00,0.4353074601,542.1406169,0.00,0.3158430653,0.1374888425,0.00,0.4879748903,607.7336879,0.00,0.2019702396,251.5377759,0.00,0.6422284706,799.8441818,0.00,0.3214006888,400.2788459,0.00,0.6466305323,805.3265975
SINOP,227,7,Sudeste,2324,33.2,33.2,0.7609750803,947.7335846,31.82,0.5405709106,673.2378235,42.73,0.2044568715,254.6346768,55.45,0.7598704558,946.3578631,57.27,0.9273031556,0.7046302716,57.27,0.6042530227,752.5487995,62.73,0.741972891,924.0678779,76.36,0.1702411883,212.0217808,82.73,0.01959524927,24.40431534,90.91,0.1407476874,175.2899848
COLIDER,228,7,Sudeste,0,0,0,0.823659677,1025.802235,0.00,0.5900169066,734.8188558,0.00,0.0147154623,18.32693105,0.00,0.7215726765,898.6610428,0.00,0.8677362453,0.626134765,0.00,0.02541464864,31.65191171,0.00,0.446698841,556.3276706,0.00,0.2505870291,312.0860978,0.00,0.8867718654,1104.403417,0.00,0.8666148289,1079.29944
SERRA DA MESA,251,1,Sudeste,1607.76,24.36,24.36,0.4040212571,503.176154,35.45,0.3935680787,490.1575566,43.64,0.5217910391,649.8489959,57.27,0.995232988,1239.483068,61.82,0.6495480855,0.646451682,65.45,0.0606768739,75.5681923,80.91,0.7707481554,959.9051677,90.91,0.617169801,768.6356136,90.91,0.1151151337,143.3666898,90.91,0.1908755917,237.7202795
CANA BRAVA,252,1,Sudeste,0,0,0,0.2879882383,358.6663118,0.00,0.4225932322,526.3060633,0.00,0.9294179815,1157.515743,0.00,0.3395775312,422.916649,0.00,0.9669588836,0.3283575105,0.00,0.2492462676,310.4162866,0.00,0.2989719922,372.3456986,0.00,0.7202697553,897.0383586,0.00,0.8097783037,1008.514095,0.00,0.6959231742,866.7166397
LAJEADO,261,1,Sudeste,0,0,0,0.3102131128,386.3456149,0.00,0.810105772,1008.921931,0.00,0.3302586947,411.3107836,0.00,0.932921747,1161.879402,0.00,0.9611540716,0.8966815356,0.00,0.2546106983,317.0972559,0.00,0.4555507064,567.3519608,0.00,0.5021942947,625.4428185,0.00,0.5581060424,695.0764273,0.00,0.7973586461,993.046405
CURUA-UNA,272,8,Norte,6678,95.4,95.4,0.5452177188,679.0250513,90.91,0.2094368939,260.8368965,90.91,0.5344861521,665.6597436,89.09,0.7307822478,910.130827,85.45,0.3043302245,0.2223991255,81.82,0.06188864067,77.07735086,80.00,0.7480522551,931.6392396,72.73,0.9757618611,1215.233337,79.09,0.6040922371,752.348554,74.55,0.2836632094,353.2798342
TUCURUI,275,4,Norte,1569.92,24.53,24.53,0.4199707374,523.0399557,28.18,0.7240585493,901.7569985,40.00,0.1987808528,247.5656497,40.00,0.126731159,157.8335201,45.45,0.007591399535,0.0009620668617,45.45,0.01594287895,19.8555803,63.64,0.8520691742,1061.183991,60.00,0.241153834,300.337808,54.55,0.7264996912,904.7972454,56.36,0.5144974596,640.7654261
MANSO,278,1,Sudeste,1687.76,24.82,24.82,0.9175063811,1142.680797,32.73,0.8947185617,1114.300391,39.09,0.9291764519,1157.214937,48.18,0.8928931413,1112.026976,63.64,0.7486312125,0.668447675,73.64,0.4987500962,621.1533448,70.00,0.04689427026,58.40306206,71.82,0.7627943306,949.9993153,75.45,0.02909226564,36.23208948,71.82,0.2515784734,313.3208624
SANTA CLARA,283,1,Sudeste,0,0,0,0.9378973241,1168.076085,0.00,0.6745722847,840.1258148,0.00,0.1486081161,185.0795199,0.00,0.6273302495,781.2896393,0.00,0.3209579922,0.2013466573,0.00,0.1267933725,157.9110019,0.00,0.8111690426,1010.246149,0.00,0.3449395342,429.5945947,0.00,0.9107029301,1134.207643,0.00,0.2295460012,285.8811808
BELO MONTE,288,8,Norte,0,0,0,0.6933694775,863.5362147,0.00,0.568929787,708.5565354,0.00,0.7895846504,983.3645153,0.00,0.03179134605,39.5935782,0.00,0.4142902548,0.01317084486,0.00,0.4598101471,572.6567534,0.00,0.9152696222,1139.895093,0.00,0.9505890653,1183.882634,0.00,0.037937407,47.24800542,0.00,0.08808492803,109.7027311
ITIQUIRA I,304,1,Sudeste,0,0,0,0.7727184459,962.3590069,0.00,0.3757517906,467.9687951,0.00,0.3610132547,449.6131276,0.00,0.1436171463,178.8636664,0.00,0.7549503847,0.1084238199,0.00,0.461601931,574.8882769,0.00,0.8598536326,1070.878911,0.00,0.9087341389,1131.755671,0.00,0.764650465,952.3109822,0.00,0.3070604217,382.4191904
ITIQUIRA II,305,1,Sudeste,0,0,0,0.1655394246,206.1661102,0.00,0.1606044694,200.0200183,0.00,0.9223226494,1148.679074,0.00,0.5773278838,719.0156931,0.00,0.396341709,0.2288191202,0.00,0.8785615311,1094.178102,0.00,0.3383036684,421.3301547,0.00,0.9705790841,1208.778603,0.00,0.4016007054,500.1615505,0.00,0.7349258574,915.2913613
B.MONTE COMP,314,8,Norte,0,0,0,0.3936420051,490.249626,0.00,0.9885018897,1231.100023,0.00,0.7630723828,950.345607,0.00,0.751948378,936.4915489,0.00,0.04597060126,0.03456751905,0.00,0.7861700177,979.1118635,0.00,0.1980844676,246.6983576,0.00,0.4005105841,498.8038916,0.00,0.03326475418,41.42859014,0.00,0.1549941488,193.0328129